{
    "accuracy": 0.6266549543599629,
    "f1": 0.5200548604136831,
    "precision": 0.6318150723807211,
    "recall": 0.6266549543599629,
    "val_loss": 0.6588227555452723
}