{"seed_trial": true, "val_acc": 0.680176306170716, "val_f1": 0.6254158421231676, "val_precision": 0.7034126082649474, "val_recall": 0.680176306170716}