{
    "accuracy": 0.9703275529865125,
    "f1": 0.9700422423526737,
    "precision": 0.9709797414031838,
    "recall": 0.9703275529865125,
    "val_loss": 0.5728221235018015
}