{"seed_trial": true, "val_acc": 0.9910141206675225, "val_f1": 0.9912821416360368, "val_precision": 0.9923636265659591, "val_recall": 0.9910141206675225}