parameter_index,attack_params,norm_linf,norm_l2,norm_l0,clip,pct_change_linf,pct_change_l2,pct_change_l0,accuracy,precision,recall,f1
0,{'eps': 0.0024},0.0074935015,0.071755216,651.94305,0.3683381087433239,0.9430375850304672,2.9795237871310407,227.9521168528737,0.9915966386554622,0.9917081876998588,0.9915966386554622,0.9915771460494102
1,{'eps': 0.0095},0.014527225,0.24382314,651.94305,0.3808328742527188,1.8282132948472472,10.12437692121116,227.9521168528737,0.9915966386554622,0.9917081876998588,0.9915966386554622,0.9915771460494102
2,{'eps': 0.0196},0.0245329,0.48610884,651.94305,0.3942759205659371,3.087401261293077,20.18491394458992,227.9521168528737,0.8860877684407096,0.9062265726186239,0.8860877684407096,0.8878111851342041
