parameter_index,attack_params,norm_linf,norm_l2,norm_l0,clip,pct_change_linf,pct_change_l2,pct_change_l0,accuracy,precision,recall,f1
0,{'eps': 0.0129},0.013225407,0.13448583,110.45005,0.30595463992048433,1.3225407339632511,2.92900122762959,160.0725367449332,0.9915966386554622,0.9917081876998588,0.9915966386554622,0.9915771460494102
1,{'eps': 0.0438},0.044053078,0.4491062,110.45005,0.3299780127104605,4.405307769775391,9.781198599956008,160.0725367449332,0.9841269841269841,0.9845203387477441,0.9841269841269841,0.9840551199122448
2,{'eps': 0.0882},0.08838719,0.8958678,110.45005,0.3438691605674528,8.838719129562378,19.51133467357266,160.0725367449332,0.8935574229691877,0.8944425937171551,0.8935574229691877,0.8920214550466651
