{
    "accuracy": 0.9682080924855491,
    "f1": 0.9653575066205484,
    "precision": 0.9697084367808145,
    "recall": 0.9682080924855491,
    "val_loss": 0.5789252313804993
}