{"val_acc": 0.9871630295250321, "val_f1": 0.9876544616120815, "val_precision": 0.9893156907277575, "val_recall": 0.9871630295250321}