parameter_index,attack_params,norm_linf,norm_l2,norm_l0,clip,pct_change_linf,pct_change_l2,pct_change_l0,accuracy,precision,recall,f1
0,"{'theta': 0.0346, 'gamma': 0.1}",0.03451716,0.13714941,15.832867,0.5813439354236318,3.4517161548137665,2.9870120740968598,22.946183577827785,0.988795518207283,0.9889929540097977,0.988795518207283,0.9887604334663158
1,"{'theta': 0.1189, 'gamma': 0.1}",0.11783958,0.47021034,15.832867,0.5816933224902865,11.783958226442337,10.2408314368303,22.946183577827785,0.988795518207283,0.9889929540097977,0.988795518207283,0.9887604334663158
2,"{'theta': 0.2702, 'gamma': 0.1}",0.26744434,1.0681989,15.82633,0.5820246378121141,26.744434237480164,23.264577698952117,22.936710412951484,0.9878618113912232,0.9880931844878714,0.9878618113912232,0.9878204663496836
