parameter_index,attack_params,norm_linf,norm_l2,norm_l0,clip,pct_change_linf,pct_change_l2,pct_change_l0,accuracy,precision,recall,f1
0,"{'c': 0.2188, 'kappa': 0}",0.04218019,0.26264185,1312.534,0.2164364569961489,5.373938573638284,5.178499135600366,53.83650769553681,0.4017971758664955,0.5637092183113914,0.4017971758664955,0.45460333816683685
1,"{'c': 1.7038, 'kappa': 0}",0.09820494,0.6224027,1932.303,0.21671630295250321,12.511733507952282,12.271890492957878,79.25771035749077,0.021822849807445442,0.13021807446648012,0.021822849807445442,0.03224094926930022
2,"{'c': 14.5477, 'kappa': 0}",0.2010498,0.94861954,1946.8934,0.21682670089858794,25.61461331574791,18.70389484711014,79.85617032884281,0.0,0.0,0.0,0.0
