parameter_index,attack_params,norm_linf,norm_l2,norm_l0,clip,pct_change_linf,pct_change_l2,pct_change_l0,accuracy,precision,recall,f1
0,{'eps': 0.0129},0.013225407,0.1326406,108.12698,0.3262431854462215,1.3225407339632511,2.888813584950493,156.70577339504075,0.9915966386554622,0.9917081876998588,0.9915966386554622,0.9915771460494102
1,{'eps': 0.0438},0.044053074,0.4417809,108.12698,0.3534230896659739,4.405307397246361,9.621659198352997,156.70577339504075,0.9915966386554622,0.9917081876998588,0.9915966386554622,0.9915771460494102
2,{'eps': 0.0882},0.08838719,0.88049966,108.12698,0.3660251197253095,8.838719129562378,19.1766275049262,156.70577339504075,0.9915966386554622,0.9917081876998588,0.9915966386554622,0.9915771460494102
