parameter_index,attack_params,norm_linf,norm_l2,norm_l0,clip,pct_change_linf,pct_change_l2,pct_change_l0,accuracy,precision,recall,f1
0,"{'theta': 0.0346, 'gamma': 0.1}",0.034581795,0.13744725,15.875817,0.5908075057980181,3.458179533481598,2.993498903742666,23.008430867955305,0.9915966386554622,0.9917081876998588,0.9915966386554622,0.9915771460494102
1,"{'theta': 0.1189, 'gamma': 0.1}",0.11806162,0.4707186,15.876751,0.5931688804554079,11.80616170167923,10.251900717676765,23.00978397977525,0.9915966386554622,0.9917081876998588,0.9915966386554622,0.9915771460494102
2,"{'theta': 0.2702, 'gamma': 0.1}",0.26794896,1.0545493,15.511671,0.5951627963013162,26.79489552974701,22.96729993978685,22.48068270475968,0.8160597572362278,0.8670710280669928,0.8160597572362278,0.8186029278967449
