{
    "accuracy": 0.9894914798435142,
    "f1": 0.9894622635141944,
    "precision": 0.9896385162291736,
    "recall": 0.9894914798435142,
    "val_loss": 0.22404413319868105
}