{"val_acc": 0.992530345471522, "val_f1": 0.9925150076009258, "val_precision": 0.9926186131764375, "val_recall": 0.992530345471522}