{
    "accuracy": 0.8404935354266254,
    "f1": 0.8172115345115778,
    "precision": 0.8050731856670386,
    "recall": 0.8404935354266254,
    "val_loss": 0.8628380154536707
}