{"val_acc": 0.8880221030391678, "val_f1": 0.8756180323912751, "val_precision": 0.8810087450327804, "val_recall": 0.8880221030391678}