{
    "accuracy": 0.9918734136962424,
    "f1": 0.9918561793035625,
    "precision": 0.9919644396320253,
    "recall": 0.9918734136962424,
    "val_loss": 0.29162064734015536
}