parameter_index,attack_params,norm_linf,norm_l2,norm_l0,clip,pct_change_linf,pct_change_l2,pct_change_l0,accuracy,precision,recall,f1
0,"{'theta': 0.056, 'gamma': 0.1}",0.035218235,0.066993415,2.3164911,0.7732650789836468,3.521823510527611,3.1380380139474187,23.1649112701416,0.4538808858310041,0.3567337361507518,0.4538808858310041,0.39584751234390003
1,"{'theta': 0.2099, 'gamma': 0.1}",0.13200548,0.2335941,2.0720274,0.7811191774065034,13.20054829120636,10.941779521561878,20.720274448394775,0.18318641152440335,0.20350193414439313,0.18318641152440335,0.19266779370134893
2,"{'theta': 0.4501, 'gamma': 0.1}",0.28306657,0.48648345,1.9929048,0.7818179518636094,28.306657075881958,22.787367473556134,19.92904782295227,0.16792087723070306,0.19021508660523112,0.1679208772307031,0.17825703405323048
