parameter_index,attack_params,norm_linf,norm_l2,norm_l0,clip,pct_change_linf,pct_change_l2,pct_change_l0,accuracy,precision,recall,f1
0,{'eps': 0.0147},0.014699999,0.064852156,20.062998,0.4241877142170564,1.4699999243021011,3.037739290255178,200.62997817993164,0.47065147280154807,0.37249736762254615,0.47065147280154807,0.4101397595482871
1,{'eps': 0.0497},0.04970002,0.21648493,20.062998,0.4516011736881379,4.970002174377441,10.140369005214787,200.62997817993164,0.22135024725865404,0.23605379635394655,0.22135024725865404,0.22833423983169648
2,{'eps': 0.1015},0.10150002,0.433953,20.062998,0.46589601224278143,10.15000194311142,20.326788279879768,200.62997817993164,0.2675768651902817,0.29304419890013805,0.2675768651902817,0.27765422599807704
