parameter_index,attack_params,norm_linf,norm_l2,norm_l0,clip,pct_change_linf,pct_change_l2,pct_change_l0,accuracy,precision,recall,f1
0,"{'theta': 0.056, 'gamma': 0.1}",0.035248335,0.06857998,2.4186196,0.7771541856906168,3.524833545088768,3.212354239757347,24.186196327209473,0.5565469791442701,0.41397242979734694,0.5565469791442701,0.45543135611099567
1,"{'theta': 0.2099, 'gamma': 0.1}",0.13194631,0.23908406,2.1877015,0.779737437869149,13.194631040096283,11.198934707117047,21.877014636993408,0.3233713179961299,0.2959714744109334,0.3233713179961299,0.3088075853754502
2,"{'theta': 0.4501, 'gamma': 0.1}",0.282674,0.48785758,2.0614922,0.7867947436983824,28.267401456832886,22.851732873817124,20.614922046661377,0.17867125349387228,0.2031193105323326,0.1786712534938723,0.18960869042984416
